               epoch,      train/box_loss,      train/obj_loss,      train/cls_loss,   metrics/precision,      metrics/recall,     metrics/mAP_0.5,metrics/mAP_0.5:0.95,        val/box_loss,        val/obj_loss,        val/cls_loss,               x/lr0,               x/lr1,               x/lr2
                   0,             0.11008,            0.058529,            0.056838,             0.23913,             0.14886,            0.054792,            0.018396,            0.090028,            0.043901,            0.053304,            0.070395,           0.0032895,           0.0032895
                   1,            0.081396,            0.047369,            0.049363,             0.17273,             0.31082,             0.19787,            0.083381,            0.080891,            0.034203,            0.045147,            0.040373,            0.006601,            0.006601
                   2,            0.072665,              0.0457,            0.042476,             0.15186,             0.50761,              0.2041,            0.069286,            0.070698,            0.033473,            0.037347,            0.010329,           0.0098904,           0.0098904
                   3,            0.064979,            0.042823,            0.035933,             0.29677,              0.6849,             0.40985,             0.17874,            0.049998,            0.031786,            0.029976,            0.009901,            0.009901,            0.009901
                   4,               0.056,            0.040614,            0.029141,             0.58172,             0.74591,             0.73878,             0.39262,            0.039111,            0.029037,            0.023602,            0.009901,            0.009901,            0.009901
                   5,            0.049552,            0.038055,            0.023381,             0.62481,             0.78729,             0.75717,             0.37875,            0.042537,             0.02738,            0.017258,            0.009868,            0.009868,            0.009868
                   6,            0.048129,            0.037092,            0.017535,               0.858,             0.87629,             0.91493,             0.45743,             0.03744,            0.026785,            0.012499,            0.009835,            0.009835,            0.009835
                   7,            0.045147,            0.035903,            0.012984,             0.85361,             0.86273,             0.90456,             0.49762,            0.037354,            0.026397,           0.0083489,            0.009802,            0.009802,            0.009802
                   8,            0.043091,            0.035731,            0.010801,             0.86679,             0.90688,              0.9357,              0.5287,            0.034335,            0.027157,           0.0076034,            0.009769,            0.009769,            0.009769
                   9,            0.041187,            0.035489,            0.009213,             0.91521,             0.91835,             0.95767,             0.55662,            0.033969,            0.026329,           0.0065792,            0.009736,            0.009736,            0.009736
                  10,            0.039549,             0.03401,           0.0080679,             0.94864,             0.92967,             0.96906,             0.61383,            0.027921,            0.023894,           0.0059206,            0.009703,            0.009703,            0.009703
                  11,            0.039192,            0.033781,           0.0077102,             0.96089,             0.94211,             0.97152,             0.54054,            0.032528,            0.024265,           0.0048648,             0.00967,             0.00967,             0.00967
                  12,            0.039352,            0.034325,           0.0072227,             0.94915,             0.92488,             0.96593,             0.57644,             0.02917,            0.025511,           0.0052562,            0.009637,            0.009637,            0.009637
                  13,            0.037023,            0.033239,           0.0070724,             0.96496,             0.92584,             0.96923,             0.61405,            0.029731,            0.024396,           0.0047279,            0.009604,            0.009604,            0.009604
                  14,            0.037545,            0.033204,           0.0064473,             0.92057,             0.92651,             0.96546,             0.56893,            0.030649,            0.024813,           0.0045162,            0.009571,            0.009571,            0.009571
                  15,            0.036415,            0.032129,           0.0063633,              0.9814,             0.92685,              0.9719,             0.56893,            0.029687,            0.024527,           0.0041978,            0.009538,            0.009538,            0.009538
                  16,            0.034894,            0.031911,           0.0055409,             0.97496,             0.91233,             0.96461,             0.60394,            0.026825,            0.025508,            0.004915,            0.009505,            0.009505,            0.009505
                  17,            0.034854,            0.032155,           0.0057957,             0.94549,              0.9312,             0.95766,             0.44181,            0.040352,            0.025861,           0.0042293,            0.009472,            0.009472,            0.009472
                  18,            0.033412,            0.031482,            0.005343,             0.95431,             0.93036,             0.96639,             0.59734,            0.026523,            0.025302,           0.0044491,            0.009439,            0.009439,            0.009439
                  19,            0.033803,             0.03143,            0.005469,             0.94616,              0.9245,             0.94458,             0.47419,            0.035999,            0.026691,           0.0042309,            0.009406,            0.009406,            0.009406
                  20,            0.032221,            0.031359,           0.0050963,             0.98134,             0.93916,             0.97965,             0.64989,            0.026801,            0.022768,           0.0035336,            0.009373,            0.009373,            0.009373
                  21,             0.03215,            0.030151,           0.0050234,             0.97554,             0.93489,              0.9728,             0.63518,            0.027344,            0.023157,           0.0037452,             0.00934,             0.00934,             0.00934
                  22,            0.032064,            0.030781,           0.0050562,             0.92925,              0.8945,             0.92093,             0.35846,             0.04516,            0.028936,           0.0046238,            0.009307,            0.009307,            0.009307
                  23,            0.032439,            0.030637,           0.0046794,             0.94736,             0.91609,             0.94597,              0.4572,            0.033431,            0.027636,            0.004788,            0.009274,            0.009274,            0.009274
                  24,            0.031029,            0.030453,           0.0045935,             0.98596,             0.94576,              0.9805,             0.62225,            0.026911,            0.022305,           0.0029939,            0.009241,            0.009241,            0.009241
                  25,            0.030343,            0.029265,           0.0045791,             0.97962,             0.95206,             0.98248,             0.67347,            0.025006,             0.02206,           0.0033965,            0.009208,            0.009208,            0.009208
                  26,            0.030919,            0.029742,           0.0043169,             0.93545,             0.87805,             0.91213,             0.37789,            0.046469,            0.029341,           0.0036579,            0.009175,            0.009175,            0.009175
                  27,            0.030294,            0.029277,           0.0042529,             0.94696,             0.90387,             0.92577,             0.40869,            0.038764,            0.029505,           0.0042967,            0.009142,            0.009142,            0.009142
                  28,             0.03043,            0.030083,           0.0042029,             0.96082,             0.94585,             0.96614,              0.5013,            0.034568,            0.026307,           0.0040875,            0.009109,            0.009109,            0.009109
                  29,            0.029291,            0.028905,           0.0039523,             0.98513,             0.95402,             0.98204,             0.67509,            0.022587,            0.021927,           0.0031151,            0.009076,            0.009076,            0.009076
                  30,            0.029847,            0.029422,           0.0041247,              0.9806,             0.94041,             0.97396,             0.58828,            0.028724,             0.02397,           0.0031274,            0.009043,            0.009043,            0.009043
                  31,            0.028858,            0.029512,           0.0041482,             0.97819,             0.95759,              0.9816,             0.66851,            0.026343,            0.022092,           0.0027858,             0.00901,             0.00901,             0.00901
                  32,            0.028353,             0.02861,           0.0040229,             0.98561,             0.95266,             0.98171,             0.67742,            0.023911,            0.021883,           0.0027584,            0.008977,            0.008977,            0.008977
                  33,            0.029246,            0.029519,           0.0039127,              0.9847,             0.95045,             0.97174,             0.55645,            0.031912,             0.02407,           0.0030437,            0.008944,            0.008944,            0.008944
                  34,            0.028273,            0.028515,            0.003772,             0.91643,             0.86587,             0.88625,             0.31897,            0.050378,            0.031545,           0.0036257,            0.008911,            0.008911,            0.008911
                  35,            0.028465,            0.028995,           0.0036697,             0.98136,              0.9544,             0.97632,             0.56577,            0.033277,            0.024113,           0.0031447,            0.008878,            0.008878,            0.008878
                  36,            0.027912,            0.028669,           0.0038651,             0.96251,             0.93553,             0.95579,             0.47314,            0.039246,            0.026197,           0.0034378,            0.008845,            0.008845,            0.008845
                  37,            0.028878,            0.028808,           0.0038051,             0.95418,             0.93315,             0.94918,             0.45724,            0.036861,             0.02735,           0.0038163,            0.008812,            0.008812,            0.008812
                  38,            0.027291,            0.028229,           0.0036642,             0.96454,             0.94108,             0.96142,             0.46545,            0.037392,            0.027124,           0.0036119,            0.008779,            0.008779,            0.008779
                  39,            0.027413,            0.028506,           0.0036452,             0.98377,             0.94755,             0.97484,             0.58386,            0.028972,            0.023921,           0.0030705,            0.008746,            0.008746,            0.008746
                  40,            0.027767,            0.028294,           0.0038126,             0.98173,             0.95863,             0.97794,             0.70017,            0.021881,            0.021715,           0.0030216,            0.008713,            0.008713,            0.008713
                  41,             0.02745,            0.028548,           0.0035963,             0.85188,             0.81213,             0.79308,             0.23185,            0.051771,            0.036462,           0.0042354,             0.00868,             0.00868,             0.00868
                  42,            0.026302,            0.027886,            0.003614,             0.98486,             0.96588,             0.98218,             0.73106,            0.020369,            0.020441,           0.0032862,            0.008647,            0.008647,            0.008647
                  43,            0.026576,            0.027944,           0.0035381,             0.94169,             0.90969,             0.91505,             0.36904,            0.042721,            0.031745,           0.0039192,            0.008614,            0.008614,            0.008614
                  44,            0.027502,            0.028152,           0.0033849,             0.97251,             0.96095,              0.9747,             0.64134,            0.024512,            0.022194,            0.003705,            0.008581,            0.008581,            0.008581
                  45,            0.026555,            0.027627,           0.0033381,             0.95946,             0.93289,             0.95956,             0.44697,            0.035105,            0.027561,           0.0032998,            0.008548,            0.008548,            0.008548
                  46,            0.026286,            0.027963,           0.0035705,             0.93653,             0.91123,             0.93173,             0.39308,            0.043073,            0.028954,            0.004016,            0.008515,            0.008515,            0.008515
                  47,            0.026516,            0.027866,           0.0032089,             0.98642,             0.96073,             0.98175,             0.73406,            0.020791,            0.020568,           0.0027047,            0.008482,            0.008482,            0.008482
                  48,            0.026907,            0.027553,           0.0035699,              0.9356,             0.90476,             0.90892,             0.33396,            0.047772,            0.030952,           0.0036161,            0.008449,            0.008449,            0.008449
                  49,            0.026204,             0.02725,           0.0034578,             0.98104,             0.95004,             0.97417,              0.5875,            0.028501,            0.023875,           0.0028804,            0.008416,            0.008416,            0.008416
                  50,             0.02657,            0.028332,            0.003122,             0.97914,             0.96227,             0.98076,               0.649,             0.02619,            0.022544,           0.0029039,            0.008383,            0.008383,            0.008383
                  51,            0.025956,            0.027304,           0.0032424,             0.97914,             0.96201,             0.97713,             0.61351,            0.027486,            0.023158,           0.0029159,             0.00835,             0.00835,             0.00835
                  52,            0.025914,            0.027218,           0.0032125,             0.98874,             0.96261,             0.98203,             0.64483,            0.025722,            0.022404,           0.0026963,            0.008317,            0.008317,            0.008317
                  53,            0.024119,            0.026575,           0.0029919,              0.9859,             0.96401,             0.98151,             0.71855,            0.021703,            0.020437,           0.0031624,            0.008284,            0.008284,            0.008284
                  54,            0.025779,            0.027652,           0.0031007,             0.98238,             0.96626,             0.97784,              0.6605,             0.02456,            0.022385,           0.0031681,            0.008251,            0.008251,            0.008251
                  55,            0.025423,            0.026956,           0.0030978,              0.9701,              0.9464,             0.96806,             0.47773,            0.035787,            0.026974,           0.0031185,            0.008218,            0.008218,            0.008218
                  56,            0.025465,             0.02698,           0.0032036,             0.97448,             0.95344,             0.97313,             0.59801,            0.030136,             0.02427,           0.0037194,            0.008185,            0.008185,            0.008185
                  57,            0.025693,            0.026664,           0.0030822,             0.97999,             0.95082,             0.97833,             0.63192,            0.025868,            0.022945,           0.0030238,            0.008152,            0.008152,            0.008152
                  58,            0.024563,            0.026144,            0.002839,             0.97815,             0.95646,             0.97438,             0.63998,            0.025108,            0.022524,            0.002905,            0.008119,            0.008119,            0.008119
                  59,            0.025004,            0.027349,           0.0030271,             0.97452,             0.96088,             0.97768,             0.60968,            0.028098,             0.02294,           0.0028675,            0.008086,            0.008086,            0.008086
                  60,            0.024692,            0.026494,           0.0031812,             0.98057,             0.95181,             0.97085,             0.61612,             0.02687,            0.023861,           0.0029585,            0.008053,            0.008053,            0.008053
                  61,             0.02414,            0.026188,            0.003017,             0.98044,               0.953,             0.97186,               0.584,             0.02967,            0.025323,           0.0029355,             0.00802,             0.00802,             0.00802
                  62,            0.024798,            0.025932,           0.0030019,             0.98115,             0.96107,             0.97755,             0.66604,            0.023493,            0.022152,           0.0029111,            0.007987,            0.007987,            0.007987
                  63,            0.024811,             0.02665,           0.0028382,             0.98851,             0.95396,             0.97741,             0.66785,            0.024035,            0.022765,           0.0028594,            0.007954,            0.007954,            0.007954
                  64,            0.025065,            0.026314,           0.0029809,             0.98147,             0.96322,             0.98104,             0.68503,             0.02286,            0.021373,           0.0024562,            0.007921,            0.007921,            0.007921
                  65,             0.02516,            0.025868,           0.0027168,             0.98229,             0.95114,             0.97907,             0.54179,             0.03221,            0.024739,           0.0024725,            0.007888,            0.007888,            0.007888
                  66,            0.024053,            0.026043,           0.0029559,             0.95643,             0.91956,             0.93922,             0.39736,            0.043787,            0.030641,           0.0034683,            0.007855,            0.007855,            0.007855
                  67,            0.023841,            0.026333,           0.0028143,             0.97296,             0.96135,              0.9762,             0.62975,            0.028438,            0.023666,           0.0028136,            0.007822,            0.007822,            0.007822
                  68,            0.025119,            0.026763,           0.0029076,             0.98484,              0.9438,             0.96921,             0.55272,             0.03277,             0.02531,           0.0031266,            0.007789,            0.007789,            0.007789
                  69,               0.024,            0.025963,           0.0027584,             0.98073,             0.96546,             0.97944,              0.7068,            0.022285,            0.020777,            0.002705,            0.007756,            0.007756,            0.007756
                  70,            0.023621,            0.026114,           0.0026682,             0.98102,             0.96757,             0.98295,             0.73578,            0.020126,            0.019429,           0.0027608,            0.007723,            0.007723,            0.007723
                  71,             0.02342,            0.025281,            0.002806,             0.98082,             0.96107,             0.97513,             0.66296,            0.023861,            0.022443,           0.0029655,             0.00769,             0.00769,             0.00769
                  72,             0.02314,            0.025361,           0.0027325,             0.99077,             0.95831,             0.98409,              0.7464,            0.019816,            0.019937,           0.0026516,            0.007657,            0.007657,            0.007657
                  73,            0.023948,            0.026068,           0.0027506,             0.95941,             0.91155,             0.94516,             0.41714,            0.039635,            0.030375,           0.0035006,            0.007624,            0.007624,            0.007624
                  74,            0.023473,             0.02625,           0.0026581,             0.97769,             0.94533,             0.97233,             0.62009,            0.027271,            0.023796,           0.0029299,            0.007591,            0.007591,            0.007591
                  75,            0.023618,            0.026392,           0.0025131,             0.98328,             0.96279,             0.97496,             0.68581,            0.023491,            0.021853,           0.0030377,            0.007558,            0.007558,            0.007558
                  76,            0.022701,            0.025581,            0.002617,               0.967,             0.93176,             0.96028,             0.48476,            0.035937,            0.028443,           0.0033578,            0.007525,            0.007525,            0.007525
                  77,            0.022583,            0.025741,           0.0027172,             0.98349,             0.94896,             0.97978,             0.58268,             0.02949,            0.024619,            0.002656,            0.007492,            0.007492,            0.007492
                  78,            0.023161,            0.025194,           0.0027792,             0.97981,             0.95647,             0.97053,             0.56992,            0.030625,            0.025693,           0.0030547,            0.007459,            0.007459,            0.007459
                  79,            0.022755,              0.0255,           0.0027112,             0.97922,               0.959,             0.97574,              0.7468,            0.019184,            0.020431,           0.0026849,            0.007426,            0.007426,            0.007426
                  80,            0.023267,            0.025353,            0.002624,             0.95208,             0.92697,             0.93593,             0.39336,            0.040186,            0.030735,           0.0029704,            0.007393,            0.007393,            0.007393
                  81,            0.023721,            0.025472,           0.0025714,             0.97735,             0.95241,             0.97825,             0.55556,            0.032941,            0.025071,           0.0027424,             0.00736,             0.00736,             0.00736
                  82,            0.023214,            0.025728,           0.0024328,             0.97995,             0.96829,             0.98469,              0.7444,            0.019271,            0.019157,           0.0025204,            0.007327,            0.007327,            0.007327
                  83,            0.022883,             0.02566,           0.0023732,             0.97636,             0.95638,             0.97485,             0.57462,            0.030087,            0.024884,            0.002659,            0.007294,            0.007294,            0.007294
                  84,            0.021746,            0.024622,           0.0025577,             0.97993,             0.94489,             0.97087,              0.5538,            0.031668,            0.025979,           0.0026122,            0.007261,            0.007261,            0.007261
                  85,            0.023081,            0.025482,           0.0026663,             0.97878,             0.95173,             0.97889,             0.70943,            0.021628,            0.021248,           0.0029707,            0.007228,            0.007228,            0.007228
                  86,            0.022458,            0.025356,            0.002397,             0.98901,             0.95382,             0.97735,             0.67569,            0.023797,             0.02192,           0.0028794,            0.007195,            0.007195,            0.007195
                  87,            0.022456,            0.025136,           0.0025309,             0.97938,             0.94594,             0.97011,             0.49174,            0.035615,            0.027907,           0.0028643,            0.007162,            0.007162,            0.007162
                  88,             0.02281,            0.025253,           0.0024802,             0.97696,             0.96355,             0.97855,              0.6927,            0.022582,            0.021089,           0.0026438,            0.007129,            0.007129,            0.007129
                  89,            0.021803,            0.025318,           0.0024456,             0.98615,             0.96713,             0.98452,             0.75065,             0.01891,            0.019482,           0.0021877,            0.007096,            0.007096,            0.007096
                  90,            0.021694,            0.024362,           0.0025602,             0.97428,             0.95174,             0.97122,             0.61085,            0.027696,            0.024322,           0.0025188,            0.007063,            0.007063,            0.007063
                  91,            0.021584,            0.025136,           0.0024107,             0.95904,             0.92809,             0.94619,             0.42364,            0.040855,            0.029709,           0.0030069,             0.00703,             0.00703,             0.00703
                  92,            0.022321,            0.025498,           0.0024477,             0.98718,             0.95084,             0.97365,             0.66836,            0.024684,            0.022585,           0.0026085,            0.006997,            0.006997,            0.006997
                  93,            0.021736,            0.024774,           0.0024238,             0.99103,             0.95539,             0.98126,             0.69567,            0.022395,            0.020704,           0.0024291,            0.006964,            0.006964,            0.006964
                  94,            0.022112,            0.024653,           0.0022737,             0.97973,             0.94141,             0.97019,             0.57358,            0.030858,            0.025223,           0.0027054,            0.006931,            0.006931,            0.006931
                  95,            0.022191,            0.025073,           0.0023038,             0.97776,              0.9616,             0.98055,              0.6512,            0.025284,             0.02257,           0.0027156,            0.006898,            0.006898,            0.006898
                  96,            0.021587,            0.024835,           0.0023324,             0.97393,             0.95163,             0.97519,             0.57479,            0.030668,            0.024787,           0.0028731,            0.006865,            0.006865,            0.006865
                  97,            0.022188,            0.024649,           0.0025763,             0.98022,             0.96639,             0.98413,             0.73414,              0.0195,            0.019676,           0.0026817,            0.006832,            0.006832,            0.006832
                  98,            0.021456,            0.024402,           0.0024124,              0.9635,             0.95366,             0.96292,             0.46703,            0.036882,            0.028589,            0.002922,            0.006799,            0.006799,            0.006799
                  99,            0.022462,            0.025186,           0.0023642,             0.96504,             0.92344,             0.94613,             0.38484,            0.042441,            0.033178,           0.0032642,            0.006766,            0.006766,            0.006766
                 100,            0.021847,            0.023991,           0.0022697,             0.98192,             0.96037,             0.97553,              0.5998,            0.029138,            0.023654,           0.0028256,            0.006733,            0.006733,            0.006733
                 101,            0.022104,            0.024389,           0.0021642,             0.96256,             0.96379,             0.97306,             0.62719,            0.026895,            0.022696,           0.0035295,              0.0067,              0.0067,              0.0067
                 102,            0.021707,            0.024738,           0.0023265,             0.97914,             0.93417,             0.96327,             0.48978,             0.03599,            0.028452,           0.0030536,            0.006667,            0.006667,            0.006667
                 103,            0.022134,            0.024826,           0.0023531,             0.98432,             0.95528,             0.97694,             0.64096,            0.025247,            0.023103,           0.0026086,            0.006634,            0.006634,            0.006634
                 104,            0.022189,             0.02482,           0.0023624,              0.9808,              0.9679,             0.97948,             0.65091,            0.025963,            0.022563,           0.0025935,            0.006601,            0.006601,            0.006601
                 105,            0.021863,            0.025226,           0.0023084,             0.98358,             0.95591,             0.97775,             0.63657,            0.026608,            0.024037,           0.0028518,            0.006568,            0.006568,            0.006568
                 106,            0.021148,             0.02489,           0.0024859,             0.98778,              0.9514,             0.97506,               0.599,            0.028133,            0.024755,           0.0025176,            0.006535,            0.006535,            0.006535
                 107,            0.021094,            0.024637,             0.00248,             0.98643,             0.95584,             0.97723,             0.74675,            0.019095,            0.020321,           0.0024503,            0.006502,            0.006502,            0.006502
                 108,            0.020752,             0.02426,           0.0023717,             0.98166,             0.95809,             0.97739,             0.63576,            0.025793,            0.023396,           0.0025015,            0.006469,            0.006469,            0.006469
                 109,            0.021551,            0.025174,           0.0023091,             0.97042,             0.96547,             0.97833,             0.58505,            0.029338,            0.024721,           0.0023781,            0.006436,            0.006436,            0.006436
                 110,            0.021344,            0.025255,           0.0023801,             0.98741,              0.9648,             0.97737,              0.6911,            0.022778,            0.021247,            0.002207,            0.006403,            0.006403,            0.006403
                 111,            0.021438,            0.024345,           0.0022931,             0.98177,             0.94705,             0.97294,             0.57957,            0.029239,            0.025224,           0.0029134,             0.00637,             0.00637,             0.00637
                 112,            0.020751,            0.024262,            0.002274,             0.98466,             0.96635,             0.98287,             0.77113,             0.01748,            0.018707,           0.0024788,            0.006337,            0.006337,            0.006337
                 113,            0.021134,            0.023521,           0.0023891,             0.98801,             0.95598,              0.9814,             0.64941,            0.025217,            0.022578,              0.0025,            0.006304,            0.006304,            0.006304
                 114,            0.021352,            0.024292,           0.0022273,             0.97848,              0.9577,              0.9761,             0.57747,            0.028863,            0.025224,           0.0025352,            0.006271,            0.006271,            0.006271
                 115,            0.021118,            0.024414,            0.002114,             0.98214,             0.94133,             0.96778,             0.47375,            0.036043,            0.029725,           0.0030171,            0.006238,            0.006238,            0.006238
                 116,            0.019884,            0.023385,           0.0024889,             0.98364,             0.95627,               0.975,             0.52364,            0.033322,            0.027707,           0.0027786,            0.006205,            0.006205,            0.006205
                 117,            0.021014,            0.024178,           0.0021972,              0.9808,             0.96686,             0.98229,             0.67709,            0.023653,            0.021138,           0.0028167,            0.006172,            0.006172,            0.006172
                 118,            0.020469,            0.023518,           0.0023779,             0.98806,             0.95991,             0.98244,             0.70878,            0.021551,            0.020947,           0.0022529,            0.006139,            0.006139,            0.006139
                 119,            0.020697,            0.024119,           0.0021641,             0.97037,             0.94006,             0.95488,             0.44767,            0.038497,              0.0307,           0.0027475,            0.006106,            0.006106,            0.006106
                 120,            0.020861,            0.024309,           0.0022535,             0.98675,             0.96255,             0.98068,             0.73246,            0.019698,            0.020199,            0.002373,            0.006073,            0.006073,            0.006073
                 121,             0.02025,            0.023125,           0.0020034,             0.98643,             0.95541,             0.97168,              0.6294,             0.02637,            0.023632,           0.0025342,             0.00604,             0.00604,             0.00604
                 122,            0.020534,            0.023895,           0.0021947,             0.97815,             0.95998,             0.97581,             0.65979,            0.024498,            0.022741,           0.0024754,            0.006007,            0.006007,            0.006007
                 123,            0.020906,            0.024262,           0.0020743,             0.97258,             0.95582,             0.97309,             0.58704,            0.029582,            0.025735,           0.0024981,            0.005974,            0.005974,            0.005974
                 124,            0.020621,            0.023862,           0.0022144,             0.98995,             0.96833,              0.9831,             0.77955,            0.017171,             0.01851,           0.0019025,            0.005941,            0.005941,            0.005941
                 125,            0.019735,            0.023347,           0.0022519,             0.96085,             0.95338,              0.9658,             0.54606,            0.031636,            0.026987,           0.0027171,            0.005908,            0.005908,            0.005908
                 126,            0.020289,            0.024349,           0.0020339,             0.98598,             0.95535,             0.97691,             0.71403,            0.021381,            0.020913,           0.0022318,            0.005875,            0.005875,            0.005875
                 127,            0.020325,            0.023623,           0.0021266,             0.98599,             0.96323,             0.97973,             0.67679,            0.023797,            0.021248,           0.0025037,            0.005842,            0.005842,            0.005842
                 128,            0.020082,            0.024061,           0.0020683,             0.98277,             0.97057,             0.98519,             0.69826,            0.021967,            0.021247,           0.0022474,            0.005809,            0.005809,            0.005809
                 129,            0.019827,            0.023763,           0.0022107,             0.98581,             0.96521,             0.97871,             0.73289,            0.019712,            0.020126,           0.0022454,            0.005776,            0.005776,            0.005776
                 130,            0.020244,            0.024022,           0.0022146,             0.97346,             0.97469,             0.98188,             0.75018,            0.019043,            0.019959,           0.0022343,            0.005743,            0.005743,            0.005743
                 131,            0.019975,            0.022994,           0.0020901,             0.97795,             0.96451,             0.98119,             0.62962,            0.026654,            0.023352,           0.0023771,             0.00571,             0.00571,             0.00571
                 132,             0.02012,            0.023426,            0.002221,             0.97835,             0.96356,              0.9794,             0.67917,            0.022833,            0.021807,           0.0023806,            0.005677,            0.005677,            0.005677
                 133,            0.020361,            0.023827,           0.0021201,             0.98713,             0.96247,             0.98036,             0.63335,            0.026506,            0.023116,           0.0022235,            0.005644,            0.005644,            0.005644
                 134,            0.020171,            0.023741,           0.0021999,             0.98501,             0.95186,             0.97735,             0.60659,            0.027483,            0.024211,           0.0023108,            0.005611,            0.005611,            0.005611
                 135,            0.019207,            0.023254,           0.0020353,             0.98426,             0.95707,             0.97819,             0.59135,            0.030147,            0.025413,           0.0024158,            0.005578,            0.005578,            0.005578
                 136,            0.019202,            0.023143,           0.0021979,              0.9849,             0.96371,             0.97716,             0.63185,            0.027616,            0.023783,           0.0026288,            0.005545,            0.005545,            0.005545
                 137,            0.019083,            0.023148,           0.0020114,              0.9753,              0.9571,             0.96965,             0.54421,            0.032225,            0.027403,           0.0031291,            0.005512,            0.005512,            0.005512
                 138,            0.020395,            0.023605,           0.0021889,             0.98004,             0.95954,             0.97878,             0.71152,            0.021287,            0.021596,           0.0027084,            0.005479,            0.005479,            0.005479
                 139,            0.019237,             0.02304,           0.0019398,              0.9904,             0.96532,             0.97861,             0.67184,            0.023756,            0.022394,           0.0021911,            0.005446,            0.005446,            0.005446
                 140,            0.019357,            0.023193,           0.0021498,             0.98449,             0.95874,             0.97297,             0.59264,            0.030166,            0.025166,           0.0022917,            0.005413,            0.005413,            0.005413
                 141,            0.019551,            0.023026,           0.0020552,             0.98288,             0.96992,             0.97648,             0.72403,             0.02026,            0.020249,           0.0020663,             0.00538,             0.00538,             0.00538
                 142,            0.019433,            0.023162,           0.0021065,             0.97792,             0.96359,             0.97652,             0.66195,            0.024876,            0.023166,           0.0023938,            0.005347,            0.005347,            0.005347
                 143,             0.01937,               0.023,           0.0021249,             0.98163,             0.95995,             0.97464,             0.63734,            0.025842,            0.023396,           0.0022986,            0.005314,            0.005314,            0.005314
                 144,            0.018504,            0.023209,           0.0020007,             0.98293,             0.96727,              0.9815,             0.71529,            0.021106,            0.021275,           0.0021847,            0.005281,            0.005281,            0.005281
                 145,            0.019482,            0.022792,           0.0020039,             0.97824,              0.9623,             0.97389,             0.57439,            0.030346,            0.026339,           0.0023651,            0.005248,            0.005248,            0.005248
                 146,            0.019284,            0.023353,           0.0021283,             0.98023,             0.96225,             0.97893,             0.61258,            0.027717,            0.024417,           0.0024251,            0.005215,            0.005215,            0.005215
                 147,            0.019525,            0.022783,           0.0020881,             0.98369,             0.95942,             0.98133,             0.58778,            0.028894,            0.024388,           0.0022347,            0.005182,            0.005182,            0.005182
                 148,            0.019039,            0.023181,           0.0019808,             0.97991,              0.9756,             0.98363,             0.73733,            0.019498,            0.019629,            0.002101,            0.005149,            0.005149,            0.005149
                 149,            0.018892,            0.022747,           0.0018018,              0.9829,             0.97171,             0.98441,             0.76535,            0.018057,            0.018742,           0.0019783,            0.005116,            0.005116,            0.005116
                 150,             0.01934,            0.023296,           0.0021167,             0.98349,              0.9685,              0.9792,              0.7109,            0.022083,            0.021051,           0.0020686,            0.005083,            0.005083,            0.005083
                 151,              0.0193,            0.022828,            0.002093,             0.98005,             0.97211,              0.9843,             0.70914,            0.021845,            0.020677,           0.0023201,             0.00505,             0.00505,             0.00505
                 152,            0.019141,            0.022935,           0.0018951,             0.97781,             0.96586,             0.98149,             0.62579,            0.027269,            0.023813,           0.0024474,            0.005017,            0.005017,            0.005017
                 153,            0.018403,            0.022673,           0.0017871,             0.97655,             0.96741,             0.98163,             0.77815,            0.016972,            0.018871,           0.0026738,            0.004984,            0.004984,            0.004984
                 154,            0.018898,            0.022915,           0.0017536,             0.98306,              0.9607,             0.97889,             0.65553,            0.025146,            0.023093,           0.0025034,            0.004951,            0.004951,            0.004951
                 155,            0.018535,            0.022851,           0.0020611,              0.9828,             0.96159,             0.97983,             0.61676,            0.027789,            0.024608,           0.0025477,            0.004918,            0.004918,            0.004918
                 156,            0.018861,             0.02295,           0.0019688,             0.98656,             0.97093,             0.98332,             0.78248,            0.017268,            0.018891,           0.0022958,            0.004885,            0.004885,            0.004885
                 157,            0.018585,            0.022491,           0.0019359,             0.98354,             0.96428,             0.97723,             0.61023,            0.028024,            0.024906,           0.0026757,            0.004852,            0.004852,            0.004852
                 158,            0.018536,            0.022549,           0.0018529,             0.98403,             0.96063,             0.97818,             0.65138,            0.025747,            0.023201,           0.0023927,            0.004819,            0.004819,            0.004819
                 159,            0.019125,            0.022649,           0.0018238,             0.97788,             0.95544,             0.97281,             0.53634,            0.032792,             0.02749,           0.0026036,            0.004786,            0.004786,            0.004786
                 160,            0.018369,            0.022167,           0.0018753,              0.9895,             0.96543,             0.98602,             0.77071,             0.01751,            0.019122,           0.0022555,            0.004753,            0.004753,            0.004753
                 161,            0.018566,             0.02247,           0.0019324,             0.98394,             0.96576,             0.98172,             0.65744,            0.024925,            0.022581,           0.0022948,             0.00472,             0.00472,             0.00472
                 162,            0.018374,            0.022389,           0.0019103,             0.98643,             0.96799,             0.98152,             0.73686,            0.019552,            0.020093,           0.0020584,            0.004687,            0.004687,            0.004687
                 163,            0.018564,            0.021662,           0.0020369,             0.98118,             0.95985,             0.97579,             0.58641,            0.029822,            0.025824,           0.0022251,            0.004654,            0.004654,            0.004654
                 164,            0.018319,            0.022157,           0.0018762,              0.9868,             0.96308,             0.98033,             0.77806,            0.016817,            0.019011,           0.0021681,            0.004621,            0.004621,            0.004621
                 165,            0.018374,            0.022488,           0.0019237,              0.9779,             0.95691,             0.97697,             0.62446,            0.027395,            0.024612,           0.0025253,            0.004588,            0.004588,            0.004588
                 166,            0.019226,            0.022729,           0.0018562,             0.98692,              0.9605,              0.9802,             0.71259,            0.021207,            0.020922,           0.0022005,            0.004555,            0.004555,            0.004555
                 167,            0.018723,             0.02233,           0.0020265,             0.98599,             0.96494,             0.98289,             0.68954,            0.022588,            0.021929,           0.0020289,            0.004522,            0.004522,            0.004522
                 168,            0.018463,            0.022381,           0.0019161,              0.9842,             0.95656,             0.97542,             0.54351,            0.032715,            0.027085,            0.002228,            0.004489,            0.004489,            0.004489
                 169,            0.018088,            0.021922,            0.001777,             0.98737,             0.96034,              0.9796,             0.63058,            0.026653,            0.023676,            0.002146,            0.004456,            0.004456,            0.004456
                 170,            0.018494,            0.022955,           0.0018673,             0.98747,             0.96106,              0.9793,             0.59566,            0.028761,            0.025162,           0.0023879,            0.004423,            0.004423,            0.004423
                 171,            0.017937,            0.022643,           0.0018329,               0.983,             0.95437,             0.97533,             0.59105,            0.029434,            0.026266,           0.0028284,             0.00439,             0.00439,             0.00439
                 172,            0.018184,            0.022478,           0.0017411,             0.99099,             0.96235,             0.98229,             0.74342,             0.01901,            0.020426,           0.0023199,            0.004357,            0.004357,            0.004357
                 173,            0.017894,            0.022333,           0.0019454,             0.98751,             0.96728,             0.98092,             0.70421,            0.021826,            0.021861,           0.0019555,            0.004324,            0.004324,            0.004324
                 174,            0.018015,            0.022056,           0.0019065,             0.98516,             0.96399,             0.98082,             0.71854,            0.020991,            0.021417,           0.0019667,            0.004291,            0.004291,            0.004291
                 175,            0.018377,            0.022046,           0.0017714,             0.98797,             0.95803,             0.97946,             0.66225,            0.024328,            0.023059,            0.002305,            0.004258,            0.004258,            0.004258
                 176,            0.018071,            0.022129,           0.0017753,             0.98932,             0.96389,             0.98249,             0.71219,            0.021454,            0.021215,           0.0020101,            0.004225,            0.004225,            0.004225
                 177,             0.01827,            0.022492,           0.0017916,              0.9902,             0.96722,             0.98256,             0.77613,            0.017153,            0.019309,            0.001738,            0.004192,            0.004192,            0.004192
                 178,            0.017933,            0.022249,           0.0018922,             0.97896,             0.96938,             0.98286,             0.70868,            0.021743,            0.021357,           0.0020432,            0.004159,            0.004159,            0.004159
                 179,            0.017546,             0.02193,           0.0017863,             0.98897,             0.96415,             0.98385,             0.68202,            0.023487,            0.021883,           0.0020596,            0.004126,            0.004126,            0.004126
                 180,             0.01751,            0.022323,           0.0016593,             0.98519,             0.96209,             0.98326,             0.67592,            0.023986,            0.022714,           0.0021915,            0.004093,            0.004093,            0.004093
                 181,            0.017316,             0.02139,           0.0017052,             0.97906,             0.97038,              0.9833,             0.75352,            0.018447,            0.019802,           0.0019719,             0.00406,             0.00406,             0.00406
                 182,            0.017994,            0.021528,           0.0018792,             0.98386,             0.96944,             0.98079,             0.75864,            0.018035,            0.019829,           0.0021468,            0.004027,            0.004027,            0.004027
                 183,            0.018192,            0.021805,           0.0017915,             0.98407,             0.96445,             0.97894,             0.64953,            0.025556,            0.023459,           0.0024604,            0.003994,            0.003994,            0.003994
                 184,            0.017423,             0.02147,           0.0017562,             0.98415,             0.96217,             0.97887,             0.64667,            0.025525,            0.023674,           0.0022541,            0.003961,            0.003961,            0.003961
                 185,            0.017663,            0.021336,           0.0018907,             0.97224,             0.95467,             0.97037,             0.47774,             0.03679,            0.030823,           0.0022053,            0.003928,            0.003928,            0.003928
                 186,            0.017775,            0.021808,           0.0017155,             0.98809,             0.96311,             0.98143,             0.65286,            0.025505,            0.023878,           0.0021903,            0.003895,            0.003895,            0.003895
                 187,            0.017566,            0.021734,           0.0017038,             0.97088,             0.93416,             0.96199,             0.48843,            0.036111,            0.030262,           0.0025985,            0.003862,            0.003862,            0.003862
                 188,            0.017585,            0.021783,           0.0017853,             0.98972,             0.96971,             0.98426,             0.78318,            0.016764,            0.019209,           0.0019698,            0.003829,            0.003829,            0.003829
                 189,            0.017436,            0.021801,           0.0017092,             0.98691,             0.96896,             0.98469,             0.76449,            0.018086,            0.019957,           0.0021155,            0.003796,            0.003796,            0.003796
                 190,            0.017664,            0.021946,           0.0017842,             0.98441,             0.95687,             0.97361,             0.59664,            0.028922,            0.025575,           0.0024375,            0.003763,            0.003763,            0.003763
                 191,            0.017314,            0.021978,           0.0017985,             0.98697,             0.96354,             0.98186,             0.69328,            0.022245,            0.021994,           0.0022743,             0.00373,             0.00373,             0.00373
                 192,            0.016978,            0.021099,           0.0018845,               0.987,             0.97109,             0.98462,             0.78787,             0.01639,            0.018957,           0.0021703,            0.003697,            0.003697,            0.003697
                 193,            0.016747,            0.021508,           0.0018167,             0.98359,             0.96226,             0.98311,             0.72056,            0.021154,            0.021389,           0.0023113,            0.003664,            0.003664,            0.003664
                 194,            0.017443,             0.02142,           0.0016319,             0.97103,             0.96264,             0.97802,             0.60474,            0.028467,            0.025686,           0.0022611,            0.003631,            0.003631,            0.003631
                 195,             0.01738,            0.022029,           0.0018236,             0.98556,             0.96439,             0.97967,              0.6202,            0.028104,            0.024903,           0.0024649,            0.003598,            0.003598,            0.003598
                 196,            0.016821,            0.021125,           0.0017373,             0.98609,             0.97461,             0.98265,             0.72613,            0.020432,            0.020744,           0.0019434,            0.003565,            0.003565,            0.003565
                 197,            0.017182,            0.021413,           0.0017509,             0.98495,             0.97144,             0.98201,             0.72112,            0.020993,            0.021095,           0.0021741,            0.003532,            0.003532,            0.003532
                 198,            0.017025,             0.02123,           0.0016548,             0.99221,             0.96406,             0.98357,             0.73182,            0.020247,            0.020729,           0.0020381,            0.003499,            0.003499,            0.003499
                 199,            0.016921,            0.021585,           0.0017647,             0.99075,              0.9676,             0.98114,             0.75485,            0.018782,            0.020051,           0.0019884,            0.003466,            0.003466,            0.003466
                 200,            0.016729,            0.021145,             0.00175,             0.98792,             0.96198,             0.97769,             0.63272,            0.026578,             0.02459,           0.0023779,            0.003433,            0.003433,            0.003433
                 201,            0.016572,            0.021196,           0.0016205,             0.99079,             0.96673,              0.9801,             0.65395,            0.025216,            0.023942,           0.0021133,              0.0034,              0.0034,              0.0034
                 202,            0.017386,            0.021605,           0.0016537,             0.98887,             0.96344,             0.98013,             0.60334,            0.028368,            0.025382,           0.0021827,            0.003367,            0.003367,            0.003367
                 203,             0.01661,            0.021287,           0.0015736,             0.98728,             0.96259,             0.98074,             0.68689,            0.023176,            0.022616,           0.0020977,            0.003334,            0.003334,            0.003334
                 204,            0.016928,            0.021337,           0.0017091,             0.98947,             0.96636,             0.98275,              0.7352,            0.019713,            0.020763,           0.0019296,            0.003301,            0.003301,            0.003301
                 205,            0.016751,             0.02189,           0.0015841,             0.98357,              0.9722,             0.98069,             0.63588,            0.026214,            0.024117,           0.0019791,            0.003268,            0.003268,            0.003268
                 206,            0.016593,             0.02134,           0.0015444,             0.98775,             0.97167,             0.98214,             0.77309,            0.017332,            0.019165,           0.0018798,            0.003235,            0.003235,            0.003235
                 207,            0.016431,            0.020465,           0.0016755,             0.98905,             0.96645,             0.98466,              0.7273,            0.020863,            0.021036,           0.0018749,            0.003202,            0.003202,            0.003202
                 208,            0.016883,            0.021497,           0.0016416,             0.98763,             0.96641,             0.98189,             0.72436,            0.020769,             0.02112,           0.0019323,            0.003169,            0.003169,            0.003169
                 209,            0.016419,            0.021264,           0.0015836,             0.99047,             0.96461,              0.9803,             0.70822,            0.022177,             0.02174,           0.0019603,            0.003136,            0.003136,            0.003136
                 210,            0.016452,            0.020679,            0.001543,              0.9872,             0.96458,             0.97835,             0.68059,            0.023751,            0.022792,           0.0020701,            0.003103,            0.003103,            0.003103
                 211,            0.016197,            0.020667,           0.0016413,             0.97647,             0.96561,             0.97678,             0.60583,            0.028637,            0.025601,           0.0021193,             0.00307,             0.00307,             0.00307
                 212,            0.016435,            0.020625,           0.0016117,             0.98724,             0.96509,             0.97731,             0.67836,            0.023679,            0.022991,           0.0021675,            0.003037,            0.003037,            0.003037
                 213,             0.01632,            0.021241,           0.0015706,             0.98648,             0.96947,             0.97958,             0.71498,            0.021409,            0.021882,           0.0022995,            0.003004,            0.003004,            0.003004
                 214,            0.016905,            0.021291,           0.0017691,             0.98813,             0.96815,             0.98188,             0.69669,            0.022417,            0.022449,           0.0022633,            0.002971,            0.002971,            0.002971
                 215,            0.016666,            0.021521,            0.001645,             0.98831,             0.96418,             0.98216,             0.68183,            0.023204,            0.022741,            0.002194,            0.002938,            0.002938,            0.002938
                 216,            0.016264,            0.020659,           0.0016193,             0.98595,             0.97065,             0.98105,             0.72606,            0.020633,             0.02149,           0.0022868,            0.002905,            0.002905,            0.002905
                 217,               0.016,            0.020784,           0.0016384,             0.98198,             0.97076,             0.98076,             0.66027,             0.02536,            0.023869,           0.0024129,            0.002872,            0.002872,            0.002872
                 218,            0.015863,            0.020663,           0.0015703,             0.98801,             0.96418,             0.98065,             0.69635,            0.022712,            0.022748,           0.0023178,            0.002839,            0.002839,            0.002839
                 219,               0.016,            0.020939,           0.0015287,              0.9857,             0.96512,             0.98059,             0.70547,             0.02242,            0.022277,           0.0022624,            0.002806,            0.002806,            0.002806
                 220,            0.016141,            0.020617,           0.0017142,             0.98746,             0.97105,             0.98141,             0.72437,            0.020836,            0.021446,           0.0020152,            0.002773,            0.002773,            0.002773
                 221,            0.016079,            0.020667,           0.0016251,              0.9892,             0.96437,             0.97897,             0.64057,            0.026428,            0.025108,           0.0021756,             0.00274,             0.00274,             0.00274
                 222,            0.016085,            0.020824,           0.0016346,             0.98771,             0.96362,             0.98092,             0.70954,            0.021819,            0.022306,           0.0021535,            0.002707,            0.002707,            0.002707
                 223,            0.016032,            0.020803,           0.0015264,             0.98594,             0.96846,              0.9833,             0.63116,            0.026926,             0.02491,           0.0021012,            0.002674,            0.002674,            0.002674
                 224,            0.015917,            0.020469,           0.0015985,             0.99008,             0.96815,             0.98399,             0.77945,            0.017435,            0.019556,            0.002043,            0.002641,            0.002641,            0.002641
                 225,            0.015882,            0.020355,           0.0016429,             0.98475,             0.97354,             0.98346,             0.79044,            0.016741,            0.019264,           0.0020554,            0.002608,            0.002608,            0.002608
                 226,            0.015998,            0.020716,           0.0017384,             0.98377,             0.96849,             0.98226,             0.69763,            0.022796,            0.022557,           0.0020915,            0.002575,            0.002575,            0.002575
                 227,             0.01573,            0.020657,           0.0016451,             0.98474,             0.97004,             0.98205,             0.71495,            0.021256,            0.021749,           0.0020083,            0.002542,            0.002542,            0.002542
                 228,            0.016022,            0.021257,           0.0015473,             0.98966,             0.96922,             0.98285,             0.77062,            0.017915,            0.019752,           0.0020419,            0.002509,            0.002509,            0.002509
                 229,            0.015877,             0.02106,           0.0014653,             0.98687,              0.9638,             0.98005,             0.63998,             0.02622,            0.024722,           0.0021518,            0.002476,            0.002476,            0.002476
                 230,            0.015756,            0.020379,           0.0015827,              0.9878,             0.95867,             0.97892,              0.6555,            0.025203,            0.024434,           0.0023822,            0.002443,            0.002443,            0.002443
                 231,            0.015628,            0.019954,           0.0014331,             0.98335,             0.96219,             0.97959,             0.65394,            0.025367,            0.024329,           0.0022577,             0.00241,             0.00241,             0.00241
                 232,            0.015921,            0.020666,           0.0015102,             0.98665,             0.97328,             0.98031,             0.76487,            0.017938,            0.019972,           0.0021352,            0.002377,            0.002377,            0.002377
                 233,            0.015986,            0.020672,           0.0015516,             0.98888,             0.96484,             0.98112,              0.7389,            0.019851,            0.020772,            0.002422,            0.002344,            0.002344,            0.002344
                 234,            0.015802,            0.020204,           0.0015091,             0.98766,              0.9621,             0.97967,             0.70356,            0.022355,             0.02247,           0.0024396,            0.002311,            0.002311,            0.002311
                 235,             0.01596,            0.020819,           0.0016406,             0.98738,             0.96334,              0.9806,             0.70066,            0.022369,            0.022655,           0.0023334,            0.002278,            0.002278,            0.002278
                 236,            0.015463,            0.020066,            0.001407,             0.98731,             0.96228,             0.98146,             0.69128,            0.023139,            0.022942,           0.0023655,            0.002245,            0.002245,            0.002245
                 237,            0.015534,             0.02043,           0.0013702,             0.98323,             0.95753,             0.98015,             0.64159,            0.026288,            0.024915,           0.0024477,            0.002212,            0.002212,            0.002212
                 238,            0.015751,            0.020725,           0.0015464,             0.98194,              0.9667,             0.98078,             0.68759,            0.023018,            0.022872,           0.0021608,            0.002179,            0.002179,            0.002179
                 239,            0.015633,            0.020341,           0.0015286,             0.98964,              0.9739,             0.98115,             0.76621,            0.018289,             0.01983,           0.0021715,            0.002146,            0.002146,            0.002146
                 240,            0.015326,            0.019753,           0.0015605,             0.98874,             0.97195,             0.98074,             0.72513,             0.02075,             0.02135,           0.0024013,            0.002113,            0.002113,            0.002113
                 241,            0.015256,            0.020055,           0.0016348,             0.98446,             0.96412,             0.97852,             0.65516,             0.02536,            0.024496,           0.0024366,             0.00208,             0.00208,             0.00208
                 242,             0.01506,            0.019973,           0.0013694,             0.98551,             0.96354,             0.97843,             0.67256,             0.02409,            0.023888,           0.0023403,            0.002047,            0.002047,            0.002047
                 243,            0.015345,            0.020059,           0.0013978,             0.98798,              0.9707,             0.98247,             0.76443,            0.018384,            0.020112,           0.0023693,            0.002014,            0.002014,            0.002014
                 244,            0.015336,            0.020181,           0.0014184,             0.98855,             0.96844,             0.98201,             0.73585,            0.020126,            0.020991,           0.0023433,            0.001981,            0.001981,            0.001981
                 245,            0.015061,            0.019945,           0.0015443,             0.98608,              0.9703,              0.9802,             0.64316,            0.025793,            0.024602,           0.0024553,            0.001948,            0.001948,            0.001948
                 246,            0.015255,            0.020291,           0.0013991,             0.98775,             0.97006,             0.98345,             0.71459,            0.021224,            0.021755,           0.0023347,            0.001915,            0.001915,            0.001915
                 247,            0.015365,             0.02073,           0.0015511,             0.98695,             0.96716,             0.98293,             0.68769,             0.02307,            0.023117,           0.0021514,            0.001882,            0.001882,            0.001882
                 248,            0.015194,            0.020037,           0.0015294,             0.98777,             0.96784,             0.97949,             0.69489,            0.022697,            0.023032,            0.002104,            0.001849,            0.001849,            0.001849
                 249,            0.014925,             0.02011,           0.0014177,             0.98731,             0.96596,             0.97864,             0.69114,            0.023066,             0.02342,           0.0021281,            0.001816,            0.001816,            0.001816
                 250,            0.014982,             0.01971,           0.0014697,             0.98807,             0.96836,              0.9821,              0.7037,            0.022302,            0.022572,            0.002058,            0.001783,            0.001783,            0.001783
                 251,            0.014951,            0.019801,           0.0013517,             0.98736,             0.96613,             0.98245,               0.686,            0.023338,            0.023282,           0.0021945,             0.00175,             0.00175,             0.00175
                 252,            0.015138,            0.019777,           0.0015338,              0.9875,             0.96845,             0.98146,              0.7312,            0.020457,            0.021599,            0.002143,            0.001717,            0.001717,            0.001717
                 253,            0.015082,            0.019921,           0.0014797,             0.98882,             0.96352,             0.97988,             0.71884,            0.021069,             0.02217,           0.0021774,            0.001684,            0.001684,            0.001684
                 254,            0.014709,            0.020396,           0.0014039,             0.98959,             0.97189,             0.98199,             0.77096,            0.017888,            0.020065,           0.0021304,            0.001651,            0.001651,            0.001651
                 255,            0.014727,            0.019829,           0.0014919,             0.98791,              0.9682,             0.98197,             0.70395,            0.022259,            0.022531,           0.0021455,            0.001618,            0.001618,            0.001618
                 256,            0.014574,            0.019547,           0.0013025,             0.98964,             0.96815,             0.98008,             0.69825,             0.02255,            0.022663,           0.0021532,            0.001585,            0.001585,            0.001585
                 257,             0.01469,            0.019351,           0.0014385,             0.99003,             0.97567,             0.98097,             0.76685,            0.017929,            0.020021,           0.0021458,            0.001552,            0.001552,            0.001552
                 258,            0.014693,            0.019372,           0.0014663,             0.98936,             0.96674,             0.98013,             0.70741,            0.021839,            0.022532,           0.0022184,            0.001519,            0.001519,            0.001519
                 259,            0.014812,            0.020014,           0.0013383,             0.98971,             0.97312,             0.98039,             0.75672,            0.018651,              0.0203,           0.0022509,            0.001486,            0.001486,            0.001486
                 260,            0.014706,            0.019627,            0.001351,             0.99012,             0.96812,             0.97962,             0.69802,            0.022578,            0.022642,           0.0022101,            0.001453,            0.001453,            0.001453
                 261,            0.014602,            0.019653,           0.0014114,             0.98973,             0.96912,             0.98098,             0.71584,            0.021422,            0.021909,           0.0021811,             0.00142,             0.00142,             0.00142
                 262,            0.014598,            0.019564,            0.001475,             0.98963,             0.97208,              0.9814,             0.75463,            0.018856,            0.020339,           0.0021502,            0.001387,            0.001387,            0.001387
                 263,            0.014611,            0.019548,            0.001406,             0.98765,               0.969,             0.98021,             0.63751,            0.026712,            0.025431,           0.0022585,            0.001354,            0.001354,            0.001354
                 264,            0.014409,            0.019696,           0.0013666,             0.98961,             0.96863,             0.97969,             0.69959,            0.022512,            0.022827,           0.0022565,            0.001321,            0.001321,            0.001321
                 265,            0.014365,            0.019346,           0.0015042,             0.99022,             0.96839,             0.98038,             0.73733,            0.019912,            0.021419,           0.0021527,            0.001288,            0.001288,            0.001288
                 266,            0.014409,            0.019427,           0.0013929,             0.98942,             0.97184,             0.98066,             0.75385,            0.018805,            0.020731,           0.0020406,            0.001255,            0.001255,            0.001255
                 267,            0.014243,            0.019539,           0.0013913,             0.98813,               0.968,             0.98075,             0.71849,            0.021199,            0.022288,           0.0020775,            0.001222,            0.001222,            0.001222
                 268,            0.014382,            0.019459,           0.0014043,             0.98511,             0.96594,             0.98027,             0.71579,            0.021698,            0.022343,           0.0022044,            0.001189,            0.001189,            0.001189
                 269,            0.014337,            0.019428,           0.0014314,             0.98912,              0.9618,             0.97977,             0.68818,            0.023382,            0.023475,           0.0022515,            0.001156,            0.001156,            0.001156
                 270,            0.014211,            0.019474,           0.0013188,             0.98878,             0.96726,             0.97968,              0.7074,            0.022074,            0.022592,           0.0021973,            0.001123,            0.001123,            0.001123
                 271,            0.014175,            0.019148,           0.0012526,             0.98975,             0.96702,             0.97825,             0.72197,            0.020983,            0.021954,           0.0022123,             0.00109,             0.00109,             0.00109
                 272,            0.014283,            0.019416,           0.0013965,             0.98878,             0.97017,             0.97903,             0.72338,            0.020763,            0.021714,           0.0022234,            0.001057,            0.001057,            0.001057
                 273,            0.014293,            0.019505,           0.0013631,             0.99028,             0.96939,             0.98013,             0.74024,            0.019879,            0.021163,           0.0022118,            0.001024,            0.001024,            0.001024
                 274,            0.014135,            0.019461,            0.001382,             0.99005,              0.9703,             0.97993,             0.74268,            0.019668,            0.021052,           0.0022613,            0.000991,            0.000991,            0.000991
                 275,            0.014155,            0.019196,            0.001338,             0.99021,             0.96909,             0.98111,             0.75865,            0.018664,            0.020461,           0.0022029,            0.000958,            0.000958,            0.000958
                 276,            0.014116,            0.019313,           0.0014337,              0.9898,             0.96844,             0.98089,             0.71186,            0.021581,            0.022119,           0.0022487,            0.000925,            0.000925,            0.000925
                 277,            0.014051,            0.018714,           0.0014383,             0.98951,             0.96696,             0.98097,             0.72726,            0.020612,            0.021563,           0.0021973,            0.000892,            0.000892,            0.000892
                 278,            0.014261,            0.019376,           0.0014851,             0.98971,             0.97006,             0.98139,             0.74253,            0.019542,            0.020873,           0.0020848,            0.000859,            0.000859,            0.000859
                 279,            0.013985,             0.01893,            0.001301,             0.98664,             0.97243,             0.98083,             0.74951,            0.019186,            0.020796,           0.0020334,            0.000826,            0.000826,            0.000826
                 280,            0.014127,            0.018742,           0.0013251,             0.98889,             0.96579,             0.98091,             0.73648,            0.020002,            0.021482,           0.0020568,            0.000793,            0.000793,            0.000793
                 281,            0.014022,            0.019163,           0.0013033,             0.98969,             0.96364,             0.98095,             0.70592,            0.021973,            0.022692,           0.0020355,             0.00076,             0.00076,             0.00076
                 282,            0.014156,            0.018721,           0.0013867,             0.98888,             0.96663,             0.98069,             0.68999,            0.022964,            0.023261,            0.001998,            0.000727,            0.000727,            0.000727
                 283,             0.01421,            0.019271,           0.0013704,             0.99053,             0.97038,             0.98182,             0.74409,            0.019435,            0.021018,           0.0019758,            0.000694,            0.000694,            0.000694
                 284,            0.013986,            0.019175,           0.0013924,             0.98956,              0.9725,             0.98219,             0.75149,             0.01898,            0.020714,           0.0020044,            0.000661,            0.000661,            0.000661
                 285,            0.014002,            0.019085,           0.0013294,             0.98935,             0.96882,             0.98182,             0.72233,            0.020787,            0.021825,           0.0020333,            0.000628,            0.000628,            0.000628
                 286,            0.014091,            0.019398,           0.0012697,             0.98577,              0.9682,             0.98083,             0.71229,            0.021673,            0.022413,           0.0020471,            0.000595,            0.000595,            0.000595
                 287,            0.013932,            0.018812,           0.0014526,             0.98607,              0.9715,             0.98173,             0.74851,            0.019241,            0.021015,           0.0020421,            0.000562,            0.000562,            0.000562
                 288,            0.014105,            0.018993,           0.0013218,             0.98871,             0.96792,             0.98058,             0.70774,             0.02193,            0.022645,           0.0020686,            0.000529,            0.000529,            0.000529
                 289,            0.013908,            0.019473,           0.0012541,              0.9903,             0.97108,             0.98184,              0.7485,            0.019352,            0.020958,             0.00208,            0.000496,            0.000496,            0.000496
                 290,            0.013854,             0.01866,           0.0013394,             0.99023,             0.97132,             0.98199,             0.75818,            0.018455,            0.020447,           0.0020746,            0.000463,            0.000463,            0.000463
                 291,            0.013826,            0.019039,           0.0013694,             0.98859,             0.97093,             0.98164,             0.74629,            0.019591,             0.02115,           0.0020676,             0.00043,             0.00043,             0.00043
                 292,            0.013602,            0.018218,           0.0012163,             0.98786,             0.96994,             0.98045,             0.71057,            0.021786,            0.022518,           0.0021395,            0.000397,            0.000397,            0.000397
                 293,             0.01363,             0.01894,           0.0013072,             0.98918,             0.96829,             0.98085,             0.72947,            0.020529,            0.021731,            0.002147,            0.000364,            0.000364,            0.000364
                 294,            0.013624,            0.019104,           0.0012862,              0.9898,             0.96839,             0.98054,             0.72732,            0.020637,            0.021989,           0.0021388,            0.000331,            0.000331,            0.000331
                 295,            0.013794,            0.018712,           0.0013088,             0.99073,             0.96924,              0.9805,             0.73643,            0.020056,            0.021703,           0.0021131,            0.000298,            0.000298,            0.000298
                 296,            0.013698,            0.018989,           0.0013783,             0.99158,             0.97131,             0.98159,             0.75866,             0.01853,            0.020728,           0.0020811,            0.000265,            0.000265,            0.000265
                 297,            0.013587,            0.018781,            0.001345,             0.99104,             0.96973,             0.98089,             0.74826,            0.019254,            0.021167,           0.0021198,            0.000232,            0.000232,            0.000232
                 298,            0.013657,            0.018968,            0.001296,             0.99006,             0.96805,             0.98065,             0.72207,             0.02085,            0.022159,           0.0021227,            0.000199,            0.000199,            0.000199
                 299,            0.013715,            0.019055,           0.0013322,              0.9882,             0.96796,             0.98081,             0.72552,            0.020763,            0.021981,           0.0021052,            0.000166,            0.000166,            0.000166
